{
  "seeds": [
    42,
    43,
    44,
    45,
    46
  ],
  "results": {
    "ord::base": {
      "mean": 0.5276250000000001,
      "std": 0.0030207614933986642,
      "nfeat": 52,
      "per_seed": [
        0.5284,
        0.5266,
        0.5225,
        0.5316,
        0.5291
      ]
    },
    "ord::base+interaction": {
      "mean": 0.5731875000000001,
      "std": 0.0035432594457645893,
      "nfeat": 53,
      "per_seed": [
        0.5684,
        0.57,
        0.5734,
        0.5766,
        0.5775
      ]
    },
    "ord::base+all_new": {
      "mean": 0.579,
      "std": 0.0030000000000000053,
      "nfeat": 57,
      "per_seed": [
        0.5794,
        0.5794,
        0.5738,
        0.5794,
        0.5831
      ]
    },
    "core::base": {
      "mean": 0.5334375,
      "std": 0.002072890493972111,
      "nfeat": 52,
      "per_seed": [
        0.53,
        0.5359,
        0.5337,
        0.535,
        0.5325
      ]
    },
    "core::base+interaction": {
      "mean": 0.57225,
      "std": 0.002572389453407076,
      "nfeat": 53,
      "per_seed": [
        0.5684,
        0.5756,
        0.5722,
        0.5744,
        0.5706
      ]
    },
    "core::base+all_new": {
      "mean": 0.5770625,
      "std": 0.0019823439408942216,
      "nfeat": 57,
      "per_seed": [
        0.5769,
        0.5778,
        0.5744,
        0.5803,
        0.5759
      ]
    }
  },
  "no_kaggle_submission_made": true
}