{
  "feature_shape": [
    3200,
    52
  ],
  "seeds": [
    42,
    43,
    44,
    45,
    46
  ],
  "results": {
    "reg_only": {
      "mean": 0.5117499999999999,
      "std": 0.004058170770187002,
      "per_seed": [
        0.5144,
        0.5144,
        0.5062,
        0.5162,
        0.5075
      ]
    },
    "clf_ev_only": {
      "mean": 0.5121875000000001,
      "std": 0.0038679371116914396,
      "per_seed": [
        0.5166,
        0.5053,
        0.5116,
        0.515,
        0.5125
      ]
    },
    "ord_only": {
      "mean": 0.5221875,
      "std": 0.0016298006013006914,
      "per_seed": [
        0.5238,
        0.5244,
        0.5206,
        0.5219,
        0.5203
      ]
    },
    "pair_reg_clf": {
      "mean": 0.5158125,
      "std": 0.005064428644970761,
      "per_seed": [
        0.52,
        0.5103,
        0.5188,
        0.5209,
        0.5091
      ]
    },
    "reg_clf_ord": {
      "mean": 0.5195625,
      "std": 0.0035881750236018543,
      "per_seed": [
        0.5238,
        0.5169,
        0.5184,
        0.5238,
        0.515
      ]
    },
    "reg_clf_ord_hgb": {
      "mean": 0.517375,
      "std": 0.004662851863398647,
      "per_seed": [
        0.5162,
        0.5125,
        0.5234,
        0.5222,
        0.5125
      ]
    },
    "w_reg2clf1ord1": {
      "mean": 0.51925,
      "std": 0.004790941974184208,
      "per_seed": [
        0.5222,
        0.5159,
        0.5188,
        0.5266,
        0.5128
      ]
    },
    "all5_equal": {
      "mean": 0.5175625,
      "std": 0.004543195461346577,
      "per_seed": [
        0.5175,
        0.5181,
        0.5141,
        0.5256,
        0.5125
      ]
    },
    "_learned_threshold_crossseed": {
      "mean": 0.523375,
      "std": 0.0020000000000000287
    }
  },
  "best_blend": "ord_only",
  "no_kaggle_submission_made": true
}