{
  "feature_shape": [
    3200,
    52
  ],
  "seeds": [
    42,
    43,
    44,
    45,
    46
  ],
  "xgb_ordinal_params": {
    "n_estimators": 550,
    "max_depth": 4,
    "learning_rate": 0.04
  },
  "results": {
    "xgb_ord": {
      "mean": 0.5276250000000001,
      "std": 0.0030207614933986642,
      "per_seed": [
        0.5284,
        0.5266,
        0.5225,
        0.5316,
        0.5291
      ]
    },
    "hgb_ord": {
      "mean": 0.517625,
      "std": 0.004835577783471161,
      "per_seed": [
        0.5259,
        0.5144,
        0.5119,
        0.5194,
        0.5166
      ]
    },
    "ens_50_50": {
      "mean": 0.523875,
      "std": 0.002433490291741492,
      "per_seed": [
        0.5278,
        0.5244,
        0.5203,
        0.5228,
        0.5241
      ]
    },
    "ens_70_30": {
      "mean": 0.524125,
      "std": 0.0019902104160113227,
      "per_seed": [
        0.5275,
        0.5238,
        0.5241,
        0.5212,
        0.5241
      ]
    }
  },
  "winner": "xgb_ord",
  "no_kaggle_submission_made": true
}