{
  "experiment": "lean_tuned",
  "generated_at": "2026-07-08T09:26:34.402154+00:00",
  "seeds": [
    42,
    43,
    44,
    45,
    46
  ],
  "robust_baseline_ref": 0.4939,
  "results": {
    "base_fe__base_xgb": {
      "per_seed": [
        0.49250000000000005,
        0.4921875,
        0.49343750000000003,
        0.4987500000000001,
        0.4928125
      ],
      "mean_accuracy": 0.49393750000000003,
      "std_across_seeds": 0.002441503123078103
    },
    "aug_fe__base_xgb": {
      "per_seed": [
        0.49375,
        0.4965624999999999,
        0.4965625,
        0.49312500000000004,
        0.4984375
      ],
      "mean_accuracy": 0.4956875,
      "std_across_seeds": 0.001970485346304279
    },
    "base_fe__reg_xgb": {
      "per_seed": [
        0.48374999999999996,
        0.490625,
        0.5009375,
        0.49781250000000005,
        0.4965625
      ],
      "mean_accuracy": 0.49393750000000003,
      "std_across_seeds": 0.006093669871268085
    },
    "aug_fe__reg_xgb": {
      "per_seed": [
        0.4878125,
        0.5025,
        0.4996875000000001,
        0.4990625000000001,
        0.4934374999999999
      ],
      "mean_accuracy": 0.4965,
      "std_across_seeds": 0.005245533814589347
    }
  },
  "best_config": "aug_fe__reg_xgb",
  "best_mean_accuracy": 0.4965,
  "feature_shape_base": [
    3200,
    95
  ],
  "feature_shape_aug": [
    3200,
    103
  ],
  "no_kaggle_submission_made": true
}