{
  "feature_shape": [
    3200,
    52
  ],
  "seeds": [
    42,
    43,
    44,
    45,
    46
  ],
  "bag": 3,
  "results": {
    "A_ord_single": {
      "mean": 0.52675,
      "std": 0.0032631943705516545,
      "per_seed": [
        0.5294,
        0.5272,
        0.5206,
        0.5297,
        0.5269
      ]
    },
    "B_ord_bagged": {
      "mean": 0.526625,
      "std": 0.001622594373218412,
      "per_seed": [
        0.5256,
        0.5284,
        0.525,
        0.5288,
        0.5253
      ]
    },
    "C_bag_ord2reg1clf1": {
      "mean": 0.5225625,
      "std": 0.004037906326303241,
      "per_seed": [
        0.5259,
        0.5172,
        0.5222,
        0.5281,
        0.5194
      ]
    },
    "C2_bag_ord3reg1clf1": {
      "mean": 0.5223125,
      "std": 0.00296858552175948,
      "per_seed": [
        0.5256,
        0.52,
        0.52,
        0.5262,
        0.5197
      ]
    },
    "C3_bag_ordreg": {
      "mean": 0.5233125000000001,
      "std": 0.0025510414539948135,
      "per_seed": [
        0.5259,
        0.5241,
        0.5238,
        0.5244,
        0.5184
      ]
    },
    "_learned_thr": {
      "mean": 0.5266249999999999,
      "std": 0.003498883750569612
    }
  },
  "best": "A_ord_single",
  "no_kaggle_submission_made": true
}