{
  "feature_shape": [
    3200,
    52
  ],
  "seeds": [
    42,
    43,
    44,
    45,
    46
  ],
  "best_params": {
    "n_estimators": 500,
    "max_depth": 4,
    "learning_rate": 0.04
  },
  "best_cv_mean": 0.52675,
  "best_cv_std": 0.0032631943705516545,
  "best_per_seed": [
    0.5294,
    0.5272,
    0.5206,
    0.5297,
    0.5269
  ],
  "no_kaggle_submission_made": true
}