{
  "seeds": [
    42,
    43,
    44,
    45,
    46
  ],
  "results": {
    "v4_base": {
      "mean": 0.5793125,
      "std": 0.0033272079135515486,
      "nfeat": 56,
      "per_seed": [
        0.5775,
        0.5778,
        0.5781,
        0.5772,
        0.5859
      ]
    },
    "+daily_lag": {
      "mean": 0.6116874999999999,
      "std": 0.005353153276340978,
      "nfeat": 69,
      "per_seed": [
        0.6194,
        0.605,
        0.6062,
        0.6141,
        0.6138
      ]
    },
    "lag_only+core": {
      "mean": 0.614125,
      "std": 0.003350606288420068,
      "nfeat": 55,
      "per_seed": [
        0.6175,
        0.6122,
        0.6119,
        0.6188,
        0.6103
      ]
    }
  },
  "best": "lag_only+core",
  "no_kaggle_submission_made": true
}