{
  "generated_at": "2026-07-09T14:42:50.824932+00:00",
  "seeds": [
    42,
    43,
    44,
    45,
    46
  ],
  "results": {
    "ord_only": {
      "mean": 0.5276250000000001,
      "std": 0.0030207614933986642,
      "per_seed": [
        0.5284,
        0.5266,
        0.5225,
        0.5316,
        0.5291
      ]
    },
    "core_only(v3)": {
      "mean": 0.5334375,
      "std": 0.002072890493972111,
      "per_seed": [
        0.53,
        0.5359,
        0.5337,
        0.535,
        0.5325
      ]
    },
    "blend_50_50": {
      "mean": 0.534,
      "std": 0.0036996621467372186,
      "per_seed": [
        0.5328,
        0.5372,
        0.5297,
        0.5394,
        0.5309
      ]
    },
    "blend_60ord": {
      "mean": 0.5335625,
      "std": 0.004332832503109234,
      "per_seed": [
        0.5312,
        0.5347,
        0.53,
        0.5416,
        0.5303
      ]
    },
    "blend_40ord": {
      "mean": 0.53425,
      "std": 0.0032270826608564148,
      "per_seed": [
        0.5325,
        0.5366,
        0.5322,
        0.5394,
        0.5306
      ]
    }
  },
  "candidate": "outputs/submission_blend_ord_v3.csv",
  "candidate_counts": {
    "0": 200,
    "1": 200,
    "2": 200,
    "3": 200
  },
  "no_kaggle_submission_made": true
}