{
  "seeds": [
    42,
    43,
    44,
    45,
    46
  ],
  "results": {
    "v5_repro(fft+ac6)": {
      "mean": 0.6118125,
      "std": 0.0063719355379664635,
      "nfeat": 67,
      "per_seed": [
        0.6184,
        0.6078,
        0.6062,
        0.6206,
        0.6059
      ]
    },
    "ac4+fft": {
      "mean": 0.6126250000000001,
      "std": 0.006077622890571629,
      "nfeat": 63,
      "per_seed": [
        0.6238,
        0.6106,
        0.6088,
        0.6138,
        0.6062
      ]
    },
    "no_fft(ac6)": {
      "mean": 0.6159375,
      "std": 0.004107919181288767,
      "nfeat": 51,
      "per_seed": [
        0.6172,
        0.6084,
        0.6172,
        0.6209,
        0.6159
      ]
    },
    "full depth5": {
      "mean": 0.6089374999999999,
      "std": 0.003732249656708432,
      "nfeat": 67,
      "per_seed": [
        0.6109,
        0.6056,
        0.6072,
        0.6153,
        0.6056
      ]
    },
    "full depth6": {
      "mean": 0.6095,
      "std": 0.003555365663331976,
      "nfeat": 67,
      "per_seed": [
        0.6153,
        0.61,
        0.6047,
        0.6103,
        0.6072
      ]
    },
    "full d5 n800": {
      "mean": 0.610375,
      "std": 0.003121247747295952,
      "nfeat": 67,
      "per_seed": [
        0.6144,
        0.6072,
        0.6094,
        0.6138,
        0.6072
      ]
    }
  },
  "best": "no_fft(ac6)",
  "no_kaggle_submission_made": true
}