{
  "solo": {
    "ord_xgb": 0.61546875,
    "ord_hgb": 0.6134375000000001,
    "reg_xgb": 0.6073437500000001,
    "reg_et": 0.5662499999999999
  },
  "blends": {
    "xgb+hgb": 0.615,
    "xgb+reg": 0.6165625,
    "xgb+et": 0.606875,
    "xgb+hgb+reg": 0.61890625,
    "all4": 0.6126562499999999,
    "xgb+hgb+et": 0.60921875
  },
  "seeds": [
    42,
    43
  ],
  "no_kaggle_submission_made": true
}