{
  "seeds": [
    42,
    43,
    44,
    45,
    46
  ],
  "results": {
    "v4_base": {
      "mean": 0.5793125,
      "std": 0.0033272079135515486,
      "nfeat": 56,
      "per_seed": [
        0.5775,
        0.5778,
        0.5781,
        0.5772,
        0.5859
      ]
    },
    "+weekly_prod": {
      "mean": 0.578375,
      "std": 0.004008779427706149,
      "nfeat": 122,
      "per_seed": [
        0.5825,
        0.5759,
        0.5778,
        0.5725,
        0.5831
      ]
    },
    "+behav_prod": {
      "mean": 0.5799375,
      "std": 0.0011759304826391662,
      "nfeat": 95,
      "per_seed": [
        0.5819,
        0.5803,
        0.5791,
        0.58,
        0.5784
      ]
    },
    "+weekly+behav": {
      "mean": 0.575125,
      "std": 0.0030529186854549523,
      "nfeat": 161,
      "per_seed": [
        0.5781,
        0.5709,
        0.5753,
        0.5725,
        0.5788
      ]
    },
    "+all_prod": {
      "mean": 0.58475,
      "std": 0.005121187606405397,
      "nfeat": 281,
      "per_seed": [
        0.5947,
        0.5816,
        0.5806,
        0.5825,
        0.5844
      ]
    }
  },
  "best": "+all_prod",
  "no_kaggle_submission_made": true
}