{
  "experiment": "ordinal_decomposition_seedbagged",
  "generated_at": "2026-07-10T11:34:52.666395+00:00",
  "seeds": [
    42,
    43,
    44,
    45,
    46
  ],
  "bag": 3,
  "ord_params": {
    "n_estimators": 550,
    "max_depth": 4,
    "learning_rate": 0.04,
    "subsample": 0.9,
    "colsample_bytree": 0.9,
    "min_child_weight": 3,
    "reg_lambda": 1.5
  },
  "feature_shape": [
    3200,
    52
  ],
  "cv_mean_accuracy": 0.5264374999999999,
  "cv_std": 0.0012279301690242936,
  "per_seed": [
    0.5284,
    0.5269,
    0.5259,
    0.5262,
    0.5247
  ],
  "prediction_counts": {
    "0": 200,
    "1": 200,
    "2": 200,
    "3": 200
  },
  "no_kaggle_submission_made": true
}