{
  "experiment": "production_v3_tuned_diverse_quartile",
  "generated_at": "2026-07-08T10:40:20.641768+00:00",
  "seeds": [
    42,
    43,
    44,
    45,
    46
  ],
  "tuned_params_source": "tune_blend_optuna.json",
  "blend_w": 0.6166958479695727,
  "candidate_cv": {
    "core_tuned": {
      "mean": 0.5234375,
      "std": 0.0029514297382794113,
      "per_seed": [
        0.526875,
        0.520625,
        0.5234375,
        0.5265625,
        0.5196875
      ]
    },
    "diverse4": {
      "mean": 0.5195,
      "std": 0.003245188746436805,
      "per_seed": [
        0.525,
        0.515625,
        0.516875,
        0.52,
        0.52
      ]
    },
    "explorer3": {
      "mean": 0.5195000000000001,
      "std": 0.002152396919715331,
      "per_seed": [
        0.5228125,
        0.52,
        0.51625,
        0.5184375,
        0.52
      ]
    }
  },
  "best_blend": "core_tuned",
  "best_cv_mean_accuracy": 0.5234375,
  "baseline_v2_ref": 0.5127,
  "improvement_over_v2": 0.010737499999999955,
  "assumption": "Test set balanced 25/25/25/25 (quartile binning).",
  "submission_path": "D:\\Github\\datathon2026_playground\\outputs\\submission_production_v3.csv",
  "submission_prediction_counts": {
    "0": 200,
    "1": 200,
    "2": 200,
    "3": 200
  },
  "no_kaggle_submission_made": true
}