{
  "experiment": "tune_blend_optuna",
  "generated_at": "2026-07-09T03:39:02.192391+00:00",
  "n_trials": 150,
  "sampler_seed": 2026,
  "tune_seeds": [
    42,
    43,
    44
  ],
  "val_seeds": [
    45,
    46
  ],
  "baseline_v2_ref": 0.5127,
  "best_params": {
    "reg_n_estimators": 1100,
    "reg_max_depth": 4,
    "reg_learning_rate": 0.04077898601041997,
    "reg_subsample": 0.6164617554746857,
    "reg_colsample_bytree": 0.9421944449501086,
    "reg_min_child_weight": 6,
    "reg_lambda": 2.4011894098277202,
    "reg_alpha": 1.2987254320360468,
    "reg_gamma": 0.10717594925077535,
    "clf_n_estimators": 500,
    "clf_max_depth": 4,
    "clf_learning_rate": 0.04689032009797516,
    "clf_subsample": 0.7724373325510796,
    "clf_colsample_bytree": 0.7986671473695985,
    "clf_min_child_weight": 12,
    "clf_lambda": 4.439078809685034,
    "clf_alpha": 1.4954883940155317,
    "clf_gamma": 0.5063956410740652,
    "blend_w": 0.7544216383299043
  },
  "tune_seed_accuracy": 0.5283333333333333,
  "val_seed_accuracy": 0.52890625,
  "all_seed_accuracy": 0.5285624999999999,
  "tune_minus_val_gap": -0.0005729166666667007,
  "no_kaggle_submission_made": true
}